renorm_step,running_lambda
0,-7.758237
1,-4.699321
2,-2.433155
3,-1.171176
4,-0.598441
5,-0.510370
6,-0.694596
7,-0.763931
8,-0.669101
9,-0.725347
10,-0.897025
11,-0.978073
12,-0.867777
13,-0.613430
14,-0.297664
15,0.019093
16,0.296837
17,0.503250
18,0.604593
19,0.576034
20,0.460431
21,0.383729
22,0.326512
23,0.211159
24,0.073586
25,-0.014881
26,-0.010154
27,0.089285
28,0.250943
29,0.432737
30,0.601112
31,0.728599
32,0.787192
33,0.759176
34,0.682537
35,0.625826
36,0.558670
37,0.457369
38,0.353546
39,0.283824
40,0.270869
41,0.324434
42,0.432596
43,0.566396
44,0.698881
45,0.808102
46,0.870925
47,0.867241
48,0.812993
49,0.759939
50,0.698025
51,0.611110
52,0.521336
53,0.453122
54,0.418680
55,0.427446
56,0.485339
57,0.581522
58,0.695389
59,0.809698
60,0.909715
61,0.977060
62,0.990587
63,0.952222
64,0.900728
65,0.836775
66,0.752161
67,0.666619
68,0.599323
69,0.554241
70,0.529949
71,0.530976
72,0.564495
73,0.629576
74,0.716374
75,0.814789
76,0.918376
77,1.022926
78,1.123848
79,1.212834
80,1.273479
81,1.283487
82,1.244830
83,1.183188
84,1.097124
85,0.997677
86,0.907696
87,0.840105
88,0.789525
89,0.746412
90,0.712919
91,0.711829
92,0.753304
93,0.798054
94,0.811839
95,0.792947
96,0.768003
97,0.749297
98,0.727005
99,0.700988
100,0.676892
101,0.657670
102,0.642974
103,0.630772
104,0.617667
105,0.598793
106,0.572401
107,0.557568
108,0.570561
109,0.572210
110,0.553343
111,0.538579
112,0.536696
113,0.544001
114,0.560486
115,0.586758
116,0.621380
117,0.661687
118,0.704407
119,0.745171
120,0.777348
121,0.791457
122,0.780691
123,0.757397
124,0.735654
125,0.703876
126,0.664547
127,0.632774
128,0.618173
129,0.622347
130,0.644538
131,0.681617
132,0.728469
133,0.780554
134,0.834488
135,0.886863
136,0.932388
137,0.961958
138,0.964844
139,0.944411
140,0.916720
141,0.878418
142,0.831442
143,0.787858
144,0.755463
145,0.733166
146,0.717752
147,0.708522
148,0.706365
149,0.711325
150,0.720562
151,0.727574
152,0.723398
153,0.705645
154,0.690103
155,0.673358
156,0.648270
157,0.631253
158,0.630250
159,0.640965
160,0.660596
161,0.688120
162,0.722180
163,0.761252
164,0.804067
165,0.849634
166,0.897076
167,0.945356
168,0.992772
169,1.035875
170,1.067609
171,1.077337
172,1.062814
173,1.036631
174,0.999165
175,0.953121
176,0.909066
177,0.874644
178,0.848787
179,0.826775
180,0.807596
181,0.799523
182,0.814482
183,0.840318
184,0.855020
185,0.850665
186,0.836823
187,0.825207
188,0.812662
189,0.797395
190,0.782615
191,0.771015
192,0.763335
193,0.759283
194,0.757980
195,0.757489
196,0.754246
197,0.744039
198,0.729645
199,0.724971
200,0.720497
201,0.706768
202,0.695795
203,0.694773
204,0.701626
205,0.714870
206,0.733932
207,0.757717
208,0.784822
209,0.813756
210,0.842638
211,0.868501
212,0.886375
213,0.889863
214,0.878621
215,0.863645
216,0.844767
217,0.819033
218,0.793356
219,0.774894
220,0.765541
221,0.765315
222,0.775013
223,0.794235
224,0.820619
225,0.851565
226,0.885307
227,0.920774
228,0.957143
229,0.993341
230,1.027297
231,1.054565
232,1.067323
233,1.060540
234,1.042175
235,1.015102
236,0.980059
237,0.944443
238,0.915175
239,0.893140
240,0.875244
241,0.861595
242,0.859979
243,0.874610
244,0.892154
245,0.899423
246,0.893507
247,0.882957
248,0.875136
249,0.866337
250,0.855026
251,0.843186
252,0.832208
253,0.821974
254,0.811538
255,0.799830
256,0.787541
257,0.782922
258,0.793679
259,0.803634
260,0.800763
261,0.791597
262,0.784925
263,0.780031
264,0.776317
265,0.775660
266,0.779376
267,0.787395
268,0.798752
269,0.811907
270,0.824634
271,0.833644
272,0.834723
273,0.826390
274,0.816471
275,0.807471
276,0.793019
277,0.776923
278,0.766935
279,0.766047
280,0.773435
281,0.787565
282,0.806505
283,0.828326
284,0.851398
285,0.874033
286,0.893726
287,0.906363
288,0.907208
289,0.897745
290,0.885972
291,0.870072
292,0.849580
293,0.830014
294,0.815706
295,0.807242
296,0.804552
297,0.808723
298,0.820326
299,0.838059
300,0.859751
301,0.883554
302,0.907927
303,0.930898
304,0.948972
305,0.956588
306,0.950778
307,0.938046
308,0.920146
309,0.896625
310,0.873122
311,0.855038
312,0.842678
313,0.833376
314,0.825092
315,0.816539
316,0.806698
317,0.797086
318,0.797038
319,0.806254
320,0.808285
321,0.801776
322,0.795386
323,0.791295
324,0.788868
325,0.789529
326,0.794575
327,0.803959
328,0.816818
329,0.832060
330,0.848463
331,0.864401
332,0.877330
333,0.883433
334,0.879723
335,0.870542
336,0.860769
337,0.846684
338,0.830108
339,0.816791
340,0.809831
341,0.809395
342,0.815454
343,0.827570
344,0.844312
345,0.864112
346,0.885896
347,0.909055
348,0.933228
349,0.958158
350,0.983590
351,1.009133
352,1.033982
353,1.056235
354,1.071733
355,1.074654
356,1.065477
357,1.049372
358,1.026355
359,0.999906
360,0.975180
361,0.955393
362,0.940610
363,0.932163
364,0.934563
365,0.944965
366,0.953968
367,0.955789
368,0.950208
369,0.943352
370,0.939322
371,0.934622
372,0.927554
373,0.919014
374,0.909848
375,0.900610
376,0.893436
377,0.893798
378,0.903147
379,0.913335
380,0.917104
381,0.912931
382,0.906095
383,0.901604
384,0.896887
385,0.890224
386,0.882500
387,0.874507
388,0.866231
389,0.857643
390,0.850785
391,0.851819
392,0.861493
393,0.869734
394,0.869919
395,0.863917
396,0.858440
397,0.854269
398,0.849205
399,0.843676
400,0.838809
401,0.834987
402,0.831913
403,0.828852
404,0.824631
405,0.818073
406,0.811123
407,0.810976
408,0.813079
409,0.809113
410,0.803080
411,0.800461
412,0.801113
413,0.804172
414,0.809684
415,0.817467
416,0.826902
417,0.837084
418,0.846749
419,0.853985
420,0.856178
421,0.851822
422,0.845080
423,0.839416
424,0.830721
425,0.819720
426,0.811041
427,0.807740
428,0.810328
429,0.818179
430,0.829894
431,0.843824
432,0.858557
433,0.872709
434,0.884342
435,0.890535
436,0.888768
437,0.881883
438,0.874246
439,0.863497
440,0.850296
441,0.838356
442,0.830029
443,0.825710
444,0.825917
445,0.831498
446,0.842148
447,0.856395
448,0.872835
449,0.890629
450,0.909347
451,0.928761
452,0.948727
453,0.969140
454,0.989913
455,1.010953
456,1.032136
457,1.053212
458,1.073563
459,1.091575
460,1.103557
461,1.104698
462,1.096159
463,1.081110
464,1.060313
465,1.037172
466,1.015298
467,0.997368
468,0.985502
469,0.983049
470,0.988467
471,0.994297
472,0.995726
473,0.991852
474,0.986104
475,0.983284
476,0.981805
477,0.978494
478,0.972988
479,0.966065
480,0.959125
481,0.955421
482,0.958381
483,0.965224
484,0.970175
485,0.970049
486,0.965203
487,0.960227
488,0.958185
489,0.956069
490,0.951871
491,0.945879
492,0.938929
493,0.932561
494,0.930333
495,0.934776
496,0.941810
497,0.945950
498,0.944716
499,0.939515
500,0.935388
501,0.933509
502,0.930680
503,0.925886
504,0.919704
505,0.912886
506,0.906967
507,0.905594
508,0.910788
509,0.917884
510,0.921544
511,0.919704
512,0.914527
513,0.910951
514,0.908878
515,0.905493
516,0.900421
517,0.894302
518,0.887696
519,0.881836
520,0.880207
521,0.885279
522,0.892541
523,0.896334
524,0.894529
525,0.889537
526,0.886106
527,0.883763
528,0.880124
529,0.875126
530,0.869379
531,0.863166
532,0.856998
533,0.853394
534,0.856392
535,0.863691
536,0.868601
537,0.867844
538,0.863208
539,0.859510
540,0.857016
541,0.853606
542,0.849226
543,0.844481
544,0.839501
545,0.834020
546,0.828105
547,0.824105
548,0.826738
549,0.833151
550,0.835732
551,0.832754
552,0.828402
553,0.825787
554,0.823586
555,0.821191
556,0.819186
557,0.817963
558,0.817405
559,0.817015
560,0.815923
561,0.812964
562,0.807867
563,0.804496
564,0.804925
565,0.802838
566,0.797852
567,0.794563
568,0.794716
569,0.797354
570,0.801839
571,0.807792
572,0.814685
573,0.821800
574,0.828139
575,0.832229
576,0.832286
577,0.828123
578,0.823733
579,0.819917
580,0.813562
581,0.805990
582,0.800553
583,0.799233
584,0.802270
585,0.808913
586,0.817848
587,0.827762
588,0.837482
589,0.845633
590,0.850284
591,0.849573
592,0.844879
593,0.840087
594,0.833765
595,0.825180
596,0.816736
597,0.810655
598,0.807874
599,0.809073
600,0.814618
601,0.823671
602,0.834779
603,0.846760
604,0.858656
605,0.869233
606,0.876442
607,0.877733
608,0.873441
609,0.867308
610,0.858789
611,0.847986
612,0.837562
613,0.829473
614,0.823635
615,0.819286
616,0.816184
617,0.814529
618,0.814471
619,0.815583
620,0.816523
621,0.815180
622,0.810656
623,0.806753
624,0.803054
625,0.797086
626,0.792852
627,0.792428
628,0.794801
629,0.799376
630,0.805986
631,0.814346
632,0.824094
633,0.834911
634,0.846525
635,0.858659
636,0.870923
637,0.882592
638,0.892203
639,0.897197
640,0.895572
641,0.889875
642,0.881770
643,0.870696
644,0.858911
645,0.849127
646,0.841976
647,0.836299
648,0.830975
649,0.825591
650,0.821344
651,0.822506
652,0.829207
653,0.833970
654,0.833074
655,0.829225
656,0.825750
657,0.822113
658,0.818330
659,0.815614
660,0.814941
661,0.816622
662,0.820491
663,0.826064
664,0.832614
665,0.839148
666,0.844213
667,0.845843
668,0.842964
669,0.838447
670,0.833696
671,0.826630
672,0.819000
673,0.813934
674,0.812538
675,0.814513
676,0.819510
677,0.826984
678,0.836225
679,0.846652
680,0.857888
681,0.869659
682,0.881682
683,0.893485
684,0.904098
685,0.911561
686,0.913193
687,0.909121
688,0.902360
689,0.892591
690,0.880901
691,0.869987
692,0.861501
693,0.854953
694,0.849274
695,0.844705
696,0.844106
697,0.849443
698,0.856095
699,0.859026
700,0.857062
701,0.853332
702,0.850214
703,0.846494
704,0.842029
705,0.837757
706,0.834305
707,0.831782
708,0.830064
709,0.828887
710,0.827689
711,0.825494
712,0.821558
713,0.818279
714,0.818389
715,0.816754
716,0.812944
717,0.810688
718,0.810814
719,0.812755
720,0.816451
721,0.821833
722,0.828596
723,0.836351
724,0.844678
725,0.853025
726,0.860501
727,0.865596
728,0.866403
729,0.862966
730,0.858509
731,0.852714
732,0.844900
733,0.837241
734,0.831815
735,0.829101
736,0.829097
737,0.832050
738,0.837845
739,0.845795
740,0.855147
741,0.865369
742,0.876101
743,0.886985
744,0.897428
745,0.906213
746,0.911108
747,0.910120
748,0.905155
749,0.897796
750,0.887726
751,0.876950
752,0.867877
753,0.861147
754,0.855727
755,0.850755
756,0.846911
757,0.847339
758,0.852770
759,0.857904
760,0.858802
761,0.855928
762,0.852782
763,0.850054
764,0.846698
765,0.843114
766,0.840113
767,0.838083
768,0.837044
769,0.836833
770,0.837051
771,0.836916
772,0.835273
773,0.831637
774,0.828892
775,0.827952
776,0.824830
777,0.820912
778,0.819298
779,0.820215
780,0.823013
781,0.827445
782,0.833254
783,0.840074
784,0.847506
785,0.855061
786,0.861993
787,0.867053
788,0.868523
789,0.865875
790,0.861906
791,0.857209
792,0.850532
793,0.843432
794,0.838044
795,0.835180
796,0.834946
797,0.837573
798,0.842951
799,0.850406
800,0.859199
801,0.868852
802,0.879100
803,0.889799
804,0.900849
805,0.912160
806,0.923610
807,0.934956
808,0.945630
809,0.954275
810,0.958376
811,0.956368
812,0.950482
813,0.941368
814,0.929824
815,0.918046
816,0.907972
817,0.900281
818,0.895363
819,0.895068
820,0.899075
821,0.903352
822,0.904902
823,0.903031
824,0.899840
825,0.897991
826,0.896431
827,0.893799
828,0.890240
829,0.886194
830,0.882043
831,0.878845
832,0.879017
833,0.883099
834,0.887595
835,0.889392
836,0.887673
837,0.884545
838,0.882594
839,0.880811
840,0.878051
841,0.874552
842,0.870712
843,0.866683
844,0.862909
845,0.861292
846,0.864067
847,0.868928
848,0.871774
849,0.870916
850,0.867895
851,0.865630
852,0.863781
853,0.861202
854,0.858087
855,0.854859
856,0.851567
857,0.848013
858,0.844208
859,0.841590
860,0.843251
861,0.847516
862,0.849349
863,0.847511
864,0.844692
865,0.842851
866,0.841182
867,0.839431
868,0.838078
869,0.837441
870,0.837498
871,0.837981
872,0.838379
873,0.837886
874,0.835642
875,0.832319
876,0.830988
877,0.829973
878,0.826760
879,0.823551
880,0.822643
881,0.823935
882,0.826813
883,0.830926
884,0.835913
885,0.841343
886,0.846682
887,0.851147
888,0.853583
889,0.852836
890,0.849701
891,0.846848
892,0.843254
893,0.838053
894,0.832946
895,0.829759
896,0.829262
897,0.831584
898,0.836342
899,0.842702
900,0.849829
901,0.857023
902,0.863476
903,0.867965
904,0.868947
905,0.866355
906,0.862793
907,0.858266
908,0.852072
909,0.845684
910,0.840662
911,0.837454
912,0.836117
913,0.837082
914,0.840683
915,0.846544
916,0.853913
917,0.862190
918,0.871027
919,0.880207
920,0.889505
921,0.898532
922,0.906433
923,0.911496
924,0.911721
925,0.907975
926,0.901978
927,0.893545
928,0.884137
929,0.875777
930,0.869359
931,0.864333
932,0.860449
933,0.859381
934,0.862636
935,0.867296
936,0.869750
937,0.868745
938,0.865975
939,0.863897
940,0.861869
941,0.859077
942,0.855892
943,0.852728
944,0.849612
945,0.846338
946,0.842858
947,0.840277
948,0.841493
949,0.845617
950,0.847824
951,0.846484
952,0.843865
953,0.841946
954,0.840120
955,0.838229
956,0.836834
957,0.836341
958,0.836812
959,0.838076
960,0.839754
961,0.841188
962,0.841403
963,0.839502
964,0.836523
965,0.834857
966,0.832452
967,0.828574
968,0.825667
969,0.825240
970,0.826979
971,0.830363
972,0.834996
973,0.840468
974,0.846367
975,0.852222
976,0.857338
977,0.860608
978,0.860752
979,0.858075
980,0.855020
981,0.851148
982,0.845795
983,0.840458
984,0.836670
985,0.834977
986,0.835597
987,0.838684
988,0.843878
989,0.850470
990,0.857870
991,0.865690
992,0.873588
993,0.881049
994,0.887082
995,0.890021
996,0.888739
997,0.885047
998,0.879841
999,0.872778
1000,0.865307
1001,0.859072
1002,0.854413
1003,0.850624
1004,0.847056
1005,0.843567
1006,0.841248
1007,0.842886
1008,0.847703
1009,0.850931
1010,0.850400
1011,0.847841
1012,0.845375
1013,0.842601
1014,0.839578
1015,0.837180
1016,0.836139
1017,0.836757
1018,0.839009
1019,0.842627
1020,0.847164
1021,0.852042
1022,0.856471
1023,0.859279
1024,0.859140
1025,0.856401
1026,0.853297
1027,0.849094
1028,0.843635
1029,0.838889
1030,0.836316
1031,0.835983
1032,0.837688
1033,0.841284
1034,0.846418
1035,0.852643
1036,0.859613
1037,0.867100
1038,0.874939
1039,0.882955
1040,0.890853
1041,0.898013
1042,0.903150
1043,0.904432
1044,0.901803
1045,0.897224
1046,0.890555
1047,0.882578
1048,0.875112
1049,0.869295
1050,0.864819
1051,0.861013
1052,0.858330
1053,0.858887
1054,0.862847
1055,0.866638
1056,0.867601
1057,0.865716
1058,0.863376
1059,0.861517
1060,0.859176
1061,0.856374
1062,0.853643
1063,0.851239
1064,0.849097
1065,0.846986
1066,0.844584
1067,0.841661
1068,0.839251
1069,0.840220
1070,0.842386
1071,0.841799
1072,0.839559
1073,0.837987
1074,0.837163
1075,0.836937
1076,0.837670
1077,0.839576
1078,0.842549
1079,0.846310
1080,0.850489
1081,0.854580
1082,0.857812
1083,0.859087
1084,0.857636
1085,0.854905
1086,0.852350
1087,0.848548
1088,0.843907
1089,0.840281
1090,0.838773
1091,0.839495
1092,0.842287
1093,0.846758
1094,0.852357
1095,0.858606
1096,0.865135
1097,0.871528
1098,0.877106
1099,0.880686
1100,0.880908
1101,0.878297
1102,0.874789
1103,0.869844
1104,0.863783
1105,0.858177
1106,0.854001
1107,0.851106
1108,0.849129
1109,0.848053
1110,0.848051
1111,0.849136
1112,0.850890
1113,0.852402
1114,0.852379
1115,0.850135
1116,0.847535
1117,0.844869
1118,0.840889
1119,0.837608
1120,0.836654
1121,0.837628
1122,0.840016
1123,0.843637
1124,0.848305
1125,0.853793
1126,0.859906
1127,0.866483
1128,0.873371
1129,0.880363
1130,0.887079
1131,0.892742
1132,0.895939
1133,0.895373
1134,0.892243
1135,0.887714
1136,0.881434
1137,0.874595
1138,0.868789
1139,0.864499
1140,0.861097
1141,0.857924
1142,0.854852
1143,0.853002
1144,0.854756
1145,0.858778
1146,0.861019
1147,0.860095
1148,0.857835
1149,0.855865
1150,0.853687
1151,0.851340
1152,0.849490
1153,0.848637
1154,0.848959
1155,0.850415
1156,0.852786
1157,0.855652
1158,0.858355
1159,0.859938
1160,0.859349
1161,0.856886
1162,0.854611
1163,0.851710
1164,0.847633
1165,0.844220
1166,0.842897
1167,0.843641
1168,0.846102
1169,0.849972
1170,0.854887
1171,0.860513
1172,0.866591
1173,0.872884
1174,0.879065
1175,0.884529
1176,0.888171
1177,0.888630
1178,0.886230
1179,0.882789
1180,0.877908
1181,0.871952
1182,0.866438
1183,0.862307
1184,0.859345
1185,0.857038
1186,0.855121
1187,0.853450
1188,0.851768
1189,0.849609
1190,0.846920
1191,0.846009
1192,0.847165
1193,0.846373
1194,0.844375
1195,0.843156
1196,0.842840
1197,0.843483
1198,0.845354
1199,0.848461
1200,0.852590
1201,0.857506
1202,0.863021
1203,0.868984
1204,0.875239
1205,0.881569
1206,0.887575
1207,0.892458
1208,0.894865
1209,0.893831
1210,0.890805
1211,0.886560
1212,0.880779
1213,0.874678
1214,0.869673
1215,0.866057
1216,0.863229
1217,0.860632
1218,0.857942
1219,0.855134
1220,0.853423
1221,0.855258
1222,0.858402
1223,0.858956
1224,0.857156
1225,0.855228
1226,0.853506
1227,0.851864
1228,0.850887
1229,0.851146
1230,0.852790
1231,0.855644
1232,0.859409
1233,0.863747
1234,0.868271
1235,0.872428
1236,0.875337
1237,0.875857
1238,0.873873
1239,0.871257
1240,0.867914
1241,0.863353
1242,0.858927
1243,0.855981
1244,0.854801
1245,0.855300
1246,0.857490
1247,0.861193
1248,0.866013
1249,0.871574
1250,0.877613
1251,0.883937
1252,0.890327
1253,0.896401
1254,0.901374
1255,0.903867
1256,0.902882
1257,0.899799
1258,0.895289
1259,0.889244
1260,0.882955
1261,0.877787
1262,0.873965
1263,0.870831
1264,0.867889
1265,0.865482
1266,0.865460
1267,0.868588
1268,0.871731
1269,0.872339
1270,0.870632
1271,0.868713
1272,0.867018
1273,0.864972
1274,0.862859
1275,0.861196
1276,0.860248
1277,0.860061
1278,0.860554
1279,0.861497
1280,0.862416
1281,0.862559
1282,0.861162
1283,0.858866
1284,0.857526
1285,0.855627
1286,0.852688
1287,0.850659
1288,0.850500
1289,0.851854
1290,0.854393
1291,0.857900
1292,0.862131
1293,0.866837
1294,0.871761
1295,0.876556
1296,0.880631
1297,0.883017
1298,0.882727
1299,0.880446
1300,0.877766
1301,0.874006
1302,0.869354
1303,0.865158
1304,0.862288
1305,0.860812
1306,0.860767
1307,0.862364
1308,0.865567
1309,0.869987
1310,0.875173
1311,0.880776
1312,0.886479
1313,0.891830
1314,0.895987
1315,0.897626
1316,0.896157
1317,0.893148
1318,0.888854
1319,0.883266
1320,0.877741
1321,0.873485
1322,0.870505
1323,0.868160
1324,0.865966
1325,0.863624
1326,0.861072
1327,0.859462
1328,0.861005
1329,0.863306
1330,0.863138
1331,0.861339
1332,0.859802
1333,0.858589
1334,0.857670
1335,0.857520
1336,0.858474
1337,0.860527
1338,0.863466
1339,0.867014
1340,0.870836
1341,0.874478
1342,0.877229
1343,0.878102
1344,0.876634
1345,0.874334
1346,0.871785
1347,0.868068
1348,0.864050
1349,0.861168
1350,0.859986
1351,0.860485
1352,0.862615
1353,0.866154
1354,0.870707
1355,0.875928
1356,0.881596
1357,0.887576
1358,0.893754
1359,0.899981
1360,0.905960
1361,0.911048
1362,0.914012
1363,0.913662
1364,0.910938
1365,0.906776
1366,0.901056
1367,0.894848
1368,0.889455
1369,0.885322
1370,0.882029
1371,0.879483
1372,0.878888
1373,0.881258
1374,0.884588
1375,0.886404
1376,0.885797
1377,0.883891
1378,0.882362
1379,0.880776
1380,0.878649
1381,0.876299
1382,0.874051
1383,0.871932
1384,0.869792
1385,0.867470
1386,0.865174
1387,0.864483
1388,0.866749
1389,0.869037
1390,0.868887
1391,0.867137
1392,0.865615
1393,0.864318
1394,0.863042
1395,0.862187
1396,0.862137
1397,0.862999
1398,0.864670
1399,0.866911
1400,0.869352
1401,0.871438
1402,0.872375
1403,0.871440
1404,0.869337
1405,0.867594
1406,0.865130
1407,0.861812
1408,0.859188
1409,0.858295
1410,0.859114
1411,0.861375
1412,0.864762
1413,0.868920
1414,0.873533
1415,0.878328
1416,0.882963
1417,0.886867
1418,0.889097
1419,0.888747
1420,0.886584
1421,0.883932
1422,0.880178
1423,0.875694
1424,0.871703
1425,0.868874
1426,0.867138
1427,0.866432
1428,0.866968
1429,0.868896
1430,0.872012
1431,0.875855
1432,0.879875
1433,0.883371
1434,0.885318
1435,0.884762
1436,0.882495
1437,0.879650
1438,0.875601
1439,0.871113
1440,0.867693
1441,0.865888
1442,0.865384
1443,0.865985
1444,0.867651
1445,0.870214
1446,0.873317
1447,0.876453
1448,0.878898
1449,0.879684
1450,0.878307
1451,0.876128
1452,0.873657
1453,0.870086
1454,0.866403
1455,0.864030
1456,0.863341
1457,0.864138
1458,0.866289
1459,0.869592
1460,0.873750
1461,0.878503
1462,0.883678
1463,0.889159
1464,0.894851
1465,0.900632
1466,0.906272
1467,0.911272
1468,0.914611
1469,0.915006
1470,0.912808
1471,0.909234
1472,0.904130
1473,0.898295
1474,0.893011
1475,0.888927
1476,0.885733
1477,0.883144
1478,0.881982
1479,0.883566
1480,0.886612
1481,0.888621
1482,0.888425
1483,0.886725
1484,0.885248
1485,0.883927
1486,0.882139
1487,0.880071
1488,0.878043
1489,0.876124
1490,0.874191
1491,0.872082
1492,0.869902
1493,0.868925
1494,0.870698
1495,0.872887
1496,0.872941
1497,0.871366
1498,0.869940
1499,0.868832
1500,0.867754
1501,0.867000
1502,0.866912
1503,0.867597
1504,0.868966
1505,0.870804
1506,0.872763
1507,0.874311
1508,0.874715
1509,0.873455
1510,0.871543
1511,0.870081
1512,0.867788
1513,0.864860
1514,0.862813
1515,0.862429
1516,0.863566
1517,0.865929
1518,0.869204
1519,0.873065
1520,0.877224
1521,0.881383
1522,0.885110
1523,0.887686
1524,0.888193
1525,0.886603
1526,0.884456
1527,0.881696
1528,0.877946
1529,0.874152
1530,0.871275
1531,0.869570
1532,0.869058
1533,0.869945
1534,0.872322
1535,0.875914
1536,0.880307
1537,0.885189
1538,0.890360
1539,0.895649
1540,0.900802
1541,0.905305
1542,0.908161
1543,0.908234
1544,0.906053
1545,0.902692
1546,0.897943
1547,0.892608
1548,0.887921
1549,0.884398
1550,0.881625
1551,0.879136
1552,0.877191
1553,0.877259
1554,0.879808
1555,0.882370
1556,0.882959
1557,0.881625
1558,0.880044
1559,0.878736
1560,0.877129
1561,0.875329
1562,0.873722
1563,0.872500
1564,0.871660
1565,0.871104
1566,0.870630
1567,0.869872
1568,0.868380
1569,0.866471
1570,0.865982
1571,0.865872
1572,0.864367
1573,0.862794
1574,0.862333
1575,0.862823
1576,0.864091
1577,0.866119
1578,0.868806
1579,0.871976
1580,0.875420
1581,0.878863
1582,0.881876
1583,0.883770
1584,0.883752
1585,0.882041
1586,0.880134
1587,0.877676
1588,0.874317
1589,0.871069
1590,0.868907
1591,0.868125
1592,0.868794
1593,0.870918
1594,0.874235
1595,0.878345
1596,0.882937
1597,0.887809
1598,0.892791
1599,0.897636
1600,0.901858
1601,0.904543
1602,0.904651
1603,0.902661
1604,0.899709
1605,0.895513
1606,0.890676
1607,0.886334
1608,0.883025
1609,0.880431
1610,0.878085
1611,0.875893
1612,0.874658
1613,0.875993
1614,0.879027
1615,0.880998
1616,0.880684
1617,0.879073
1618,0.877558
1619,0.875867
1620,0.873897
1621,0.872118
1622,0.870949
1623,0.870579
1624,0.871055
1625,0.872315
1626,0.874141
1627,0.876135
1628,0.877691
1629,0.878004
1630,0.876651
1631,0.874838
1632,0.873048
1633,0.870307
1634,0.867479
1635,0.865931
1636,0.865938
1637,0.867223
1638,0.869576
1639,0.872781
1640,0.876605
1641,0.880863
1642,0.885421
1643,0.890153
1644,0.894880
1645,0.899265
1646,0.902629
1647,0.903913
1648,0.902703
1649,0.900282
1650,0.896824
1651,0.892339
1652,0.887857
1653,0.884280
1654,0.881621
1655,0.879395
1656,0.877241
1657,0.875142
1658,0.873976
1659,0.875402
1660,0.878204
1661,0.879543
1662,0.878698
1663,0.877116
1664,0.875674
1665,0.874037
1666,0.872398
1667,0.871279
1668,0.871028
1669,0.871742
1670,0.873346
1671,0.875636
1672,0.878312
1673,0.880960
1674,0.882982
1675,0.883569
1676,0.882335
1677,0.880487
1678,0.878445
1679,0.875461
1680,0.872342
1681,0.870311
1682,0.869738
1683,0.870491
1684,0.872449
1685,0.875410
1686,0.879098
1687,0.883286
1688,0.887829
1689,0.892640
1690,0.897657
1691,0.902817
1692,0.908027
1693,0.913097
1694,0.917592
1695,0.920597
1696,0.920955
1697,0.918983
1698,0.915683
1699,0.910992
1700,0.905671
1701,0.900809
1702,0.896988
1703,0.894064
1704,0.892154
1705,0.892311
1706,0.894523
1707,0.896816
1708,0.897655
1709,0.896728
1710,0.895204
1711,0.894191
1712,0.893084
1713,0.891491
1714,0.889628
1715,0.887690
1716,0.885702
1717,0.883759
1718,0.882586
1719,0.883531
1720,0.886015
1721,0.887806
1722,0.887714
1723,0.886278
1724,0.885005
1725,0.883930
1726,0.882529
1727,0.880934
1728,0.879417
1729,0.878049
1730,0.876737
1731,0.875305
1732,0.873573
1733,0.871800
1734,0.871582
1735,0.873092
1736,0.873527
1737,0.872342
1738,0.871084
1739,0.870400
1740,0.870030
1741,0.870056
1742,0.870680
1743,0.871934
1744,0.873696
1745,0.875758
1746,0.877815
1747,0.879413
1748,0.879923
1749,0.878908
1750,0.877248
1751,0.875905
1752,0.873859
1753,0.871220
1754,0.869192
1755,0.868534
1756,0.869277
1757,0.871213
1758,0.874032
1759,0.877393
1760,0.880998
1761,0.884552
1762,0.887638
1763,0.889586
1764,0.889644
1765,0.888087
1766,0.886222
1767,0.883710
1768,0.880425
1769,0.877254
1770,0.874925
1771,0.873595
1772,0.873327
1773,0.874332
1774,0.876638
1775,0.879951
1776,0.883907
1777,0.888263
1778,0.892879
1779,0.897663
1780,0.902509
1781,0.907222
1782,0.911374
1783,0.914084
1784,0.914291
1785,0.912377
1786,0.909263
1787,0.904862
1788,0.899915
1789,0.895473
1790,0.892035
1791,0.889355
1792,0.887364
1793,0.886989
1794,0.888812
1795,0.891168
1796,0.892295
1797,0.891651
1798,0.890189
1799,0.889134
1800,0.888076
1801,0.886601
1802,0.884900
1803,0.883178
1804,0.881442
1805,0.879614
1806,0.877832
1807,0.877087
1808,0.878571
1809,0.880752
1810,0.881476
1811,0.880466
1812,0.879104
1813,0.878102
1814,0.877009
1815,0.875822
1816,0.874834
1817,0.874223
1818,0.873996
1819,0.874056
1820,0.874194
1821,0.874053
1822,0.873165
1823,0.871541
1824,0.870594
1825,0.870179
1826,0.868742
1827,0.867091
1828,0.866469
1829,0.866924
1830,0.868172
1831,0.870077
1832,0.872498
1833,0.875257
1834,0.878143
1835,0.880867
1836,0.882970
1837,0.883796
1838,0.882930
1839,0.881302
1840,0.879701
1841,0.877347
1842,0.874494
1843,0.872123
1844,0.870854
1845,0.870859
1846,0.872191
1847,0.874688
1848,0.877978
1849,0.881708
1850,0.885618
1851,0.889440
1852,0.892753
1853,0.894836
1854,0.894888
1855,0.893291
1856,0.891153
1857,0.888130
1858,0.884475
1859,0.881116
1860,0.878593
1861,0.876787
1862,0.875456
1863,0.874550
1864,0.874128
1865,0.874181
1866,0.874472
1867,0.874464
1868,0.873496
1869,0.871849
1870,0.870828
1871,0.869336
1872,0.867396
1873,0.866428
1874,0.866626
1875,0.867651
1876,0.869401
1877,0.871818
1878,0.874790
1879,0.878203
1880,0.881964
1881,0.886002
1882,0.890252
1883,0.894641
1884,0.899050
1885,0.903238
1886,0.906684
1887,0.908449
1888,0.907832
1889,0.905732
1890,0.902598
1891,0.898414
1892,0.894044
1893,0.890385
1894,0.887613
1895,0.885345
1896,0.883472
1897,0.882817
1898,0.884346
1899,0.886778
1900,0.888163
1901,0.887757
1902,0.886381
1903,0.885247
1904,0.884065
1905,0.882532
1906,0.880903
1907,0.879424
1908,0.878133
1909,0.876942
1910,0.875697
1911,0.874210
1912,0.872525
1913,0.871859
1914,0.873066
1915,0.873664
1916,0.872698
1917,0.871517
1918,0.870838
1919,0.870489
1920,0.870573
1921,0.871297
1922,0.872690
1923,0.874635
1924,0.876953
1925,0.879417
1926,0.881703
1927,0.883308
1928,0.883581
1929,0.882368
1930,0.880844
1931,0.879169
1932,0.876690
1933,0.874074
1934,0.872305
1935,0.871765
1936,0.872452
1937,0.874275
1938,0.876990
1939,0.880290
1940,0.883935
1941,0.887740
1942,0.891494
1943,0.894840
1944,0.897127
1945,0.897523
1946,0.896132
1947,0.894089
1948,0.891204
1949,0.887619
1950,0.884230
1951,0.881641
1952,0.879762
1953,0.878282
1954,0.877028
1955,0.875912
1956,0.874793
1957,0.873412
1958,0.871755
1959,0.871232
1960,0.872087
1961,0.871746
1962,0.870533
1963,0.869699
1964,0.869362
1965,0.869588
1966,0.870576
1967,0.872355
1968,0.874794
1969,0.877740
1970,0.881073
1971,0.884704
1972,0.888552
1973,0.892518
1974,0.896440
1975,0.899987
1976,0.902509
1977,0.903103
1978,0.901755
1979,0.899546
1980,0.896361
1981,0.892472
1982,0.888823
1983,0.886026
1984,0.883925
1985,0.882092
1986,0.880281
1987,0.878662
1988,0.878370
1989,0.880239
1990,0.882281
1991,0.882649
1992,0.881534
1993,0.880289
1994,0.879113
1995,0.877767
1996,0.876542
1997,0.875818
1998,0.875790
1999,0.876484
2000,0.877809
2001,0.879571
2002,0.881469
2003,0.883058
2004,0.883720
2005,0.882956
2006,0.881442
2007,0.880029
2008,0.877932
2009,0.875433
2010,0.873660
2011,0.873143
2012,0.873777
2013,0.875400
2014,0.877828
2015,0.880838
2016,0.884240
2017,0.887899
2018,0.891695
2019,0.895464
2020,0.898898
2021,0.901400
2022,0.902117
2023,0.900923
2024,0.898910
2025,0.896041
2026,0.892421
2027,0.888919
2028,0.886189
2029,0.884165
2030,0.882464
2031,0.880813
2032,0.879095
2033,0.877600
2034,0.877676
2035,0.879711
2036,0.881216
2037,0.880866
2038,0.879601
2039,0.878425
2040,0.877199
2041,0.876044
2042,0.875408
2043,0.875600
2044,0.876665
2045,0.878475
2046,0.880836
2047,0.883535
2048,0.886329
2049,0.888867
2050,0.890590
2051,0.890796
2052,0.889515
2053,0.887876
2054,0.885694
2055,0.882815
2056,0.880123
2057,0.878368
2058,0.877651
2059,0.877902
2060,0.879140
2061,0.881278
2062,0.884086
2063,0.887326
2064,0.890803
2065,0.894318
2066,0.897561
2067,0.899962
2068,0.900689
2069,0.899558
2070,0.897625
2071,0.894882
2072,0.891394
2073,0.888053
2074,0.885556
2075,0.883846
2076,0.882561
2077,0.881472
2078,0.880434
2079,0.879251
2080,0.877741
2081,0.876504
2082,0.876991
2083,0.877547
2084,0.876711
2085,0.875621
2086,0.875041
2087,0.874888
2088,0.875264
2089,0.876324
2090,0.878053
2091,0.880321
2092,0.882984
2093,0.885899
2094,0.888891
2095,0.891690
2096,0.893823
2097,0.894597
2098,0.893696
2099,0.892106
2100,0.890129
2101,0.887371
2102,0.884471
2103,0.882253
2104,0.880964
2105,0.880533
2106,0.881009
2107,0.882449
2108,0.884717
2109,0.887546
2110,0.890669
2111,0.893813
2112,0.896585
2113,0.898334
2114,0.898323
2115,0.896868
2116,0.894896
2117,0.892088
2118,0.888798
2119,0.885982
2120,0.884120
2121,0.883030
2122,0.882491
2123,0.882466
2124,0.882924
2125,0.883689
2126,0.884373
2127,0.884397
2128,0.883340
2129,0.881980
2130,0.880925
2131,0.879180
2132,0.877316
2133,0.876461
2134,0.876721
2135,0.877813
2136,0.879600
2137,0.881967
2138,0.884785
2139,0.887937
2140,0.891332
2141,0.894880
2142,0.898452
2143,0.901811
2144,0.904480
2145,0.905676
2146,0.904945
2147,0.903187
2148,0.900714
2149,0.897401
2150,0.893973
2151,0.891186
2152,0.889148
2153,0.887512
2154,0.885975
2155,0.884380
2156,0.882829
2157,0.882312
2158,0.883861
2159,0.885570
2160,0.885629
2161,0.884511
2162,0.883396
2163,0.882310
2164,0.881235
2165,0.880550
2166,0.880586
2167,0.881430
2168,0.882987
2169,0.885086
2170,0.887529
2171,0.890085
2172,0.892435
2173,0.894068
2174,0.894331
2175,0.893174
2176,0.891664
2177,0.889716
2178,0.887080
2179,0.884551
2180,0.882888
2181,0.882232
2182,0.882526
2183,0.883773
2184,0.885871
2185,0.888599
2186,0.891745
2187,0.895154
2188,0.898701
2189,0.902223
2190,0.905422
2191,0.907708
2192,0.908258
2193,0.907042
2194,0.905027
2195,0.902116
2196,0.898572
2197,0.895264
2198,0.892754
2199,0.890889
2200,0.889264
2201,0.887643
2202,0.886148
2203,0.885767
2204,0.887335
2205,0.889089
2206,0.889343
2207,0.888314
2208,0.887222
2209,0.886229
2210,0.885123
2211,0.884154
2212,0.883640
2213,0.883731
2214,0.884428
2215,0.885633
2216,0.887157
2217,0.888706
2218,0.889847
2219,0.890015
2220,0.888973
2221,0.887670
2222,0.886379
2223,0.884387
2224,0.882293
2225,0.881071
2226,0.880990
2227,0.881902
2228,0.883644
2229,0.886024
2230,0.888842
2231,0.891936
2232,0.895170
2233,0.898373
2234,0.901250
2235,0.903255
2236,0.903671
2237,0.902514
2238,0.900791
2239,0.898381
2240,0.895331
2241,0.892408
2242,0.890182
2243,0.888615
2244,0.887471
2245,0.886651
2246,0.886159
2247,0.885954
2248,0.885824
2249,0.885344
2250,0.884144
2251,0.882983
2252,0.882517
2253,0.881374
2254,0.880060
2255,0.879579
2256,0.879886
2257,0.880809
2258,0.882330
2259,0.884396
2260,0.886910
2261,0.889780
2262,0.892934
2263,0.896321
2264,0.899896
2265,0.903622
2266,0.907449
2267,0.911301
2268,0.915013
2269,0.918210
2270,0.920142
2271,0.920032
2272,0.918376
2273,0.915753
2274,0.912142
2275,0.908208
2276,0.904742
2277,0.902059
2278,0.899986
2279,0.898668
2280,0.898937
2281,0.900670
2282,0.902341
2283,0.902848
2284,0.902055
2285,0.900935
2286,0.900179
2287,0.899285
2288,0.898046
2289,0.896645
2290,0.895212
2291,0.893743
2292,0.892271
2293,0.891273
2294,0.891814
2295,0.893636
2296,0.894995
2297,0.894924
2298,0.893845
2299,0.892887
2300,0.892066
2301,0.891028
2302,0.889898
2303,0.888887
2304,0.888058
2305,0.887359
2306,0.886667
2307,0.885791
2308,0.884546
2309,0.883327
2310,0.883426
2311,0.883887
2312,0.883206
2313,0.882134
2314,0.881615
2315,0.881602
2316,0.881998
2317,0.882861
2318,0.884184
2319,0.885869
2320,0.887765
2321,0.889670
2322,0.891276
2323,0.892125
2324,0.891763
2325,0.890520
2326,0.889389
2327,0.887903
2328,0.885824
2329,0.883909
2330,0.882855
2331,0.882862
2332,0.883896
2333,0.885789
2334,0.888262
2335,0.891051
2336,0.893939
2337,0.896682
2338,0.898889
2339,0.899959
2340,0.899456
2341,0.898078
2342,0.896416
2343,0.894062
2344,0.891373
2345,0.889064
2346,0.887448
2347,0.886474
2348,0.886165
2349,0.886688
2350,0.888113
2351,0.890269
2352,0.892866
2353,0.895609
2354,0.898150
2355,0.899945
2356,0.900288
2357,0.899156
2358,0.897481
2359,0.895119
2360,0.892187
2361,0.889556
2362,0.887810
2363,0.886849
2364,0.886441
2365,0.886520
2366,0.887054
2367,0.887890
2368,0.888701
2369,0.888990
2370,0.888288
2371,0.887011
2372,0.886031
2373,0.884568
2374,0.882733
2375,0.881602
2376,0.881543
2377,0.882328
2378,0.883795
2379,0.885825
2380,0.888289
2381,0.891068
2382,0.894066
2383,0.897189
2384,0.900301
2385,0.903148
2386,0.905241
2387,0.905873
2388,0.904903
2389,0.903257
2390,0.900939
2391,0.897968
2392,0.895063
2393,0.892808
2394,0.891181
2395,0.889888
2396,0.888726
2397,0.887567
2398,0.886277
2399,0.884883
2400,0.884365
2401,0.885517
2402,0.886178
2403,0.885466
2404,0.884482
2405,0.883744
2406,0.883215
2407,0.883124
2408,0.883713
2409,0.884999
2410,0.886856
2411,0.889139
2412,0.891720
2413,0.894482
2414,0.897274
2415,0.899841
2416,0.901726
2417,0.902276
2418,0.901339
2419,0.899837
2420,0.897806
2421,0.895124
2422,0.892482
2423,0.890511
2424,0.889274
2425,0.888607
2426,0.888497
2427,0.889008
2428,0.890097
2429,0.891537
2430,0.892946
2431,0.893778
2432,0.893461
2433,0.892214
2434,0.890932
2435,0.889140
2436,0.886953
2437,0.885384
2438,0.884901
2439,0.885320
2440,0.886475
2441,0.888268
2442,0.890565
2443,0.893233
2444,0.896169
2445,0.899292
2446,0.902517
2447,0.905717
2448,0.908635
2449,0.910755
2450,0.911334
2451,0.910291
2452,0.908498
2453,0.905903
2454,0.902711
2455,0.899688
2456,0.897352
2457,0.895596
2458,0.894064
2459,0.892579
2460,0.891416
2461,0.891627
2462,0.893360
2463,0.894820
2464,0.894858
2465,0.893867
2466,0.892896
2467,0.891946
2468,0.890835
2469,0.889802
2470,0.889121
2471,0.888918
2472,0.889210
2473,0.889938
2474,0.890952
2475,0.891982
2476,0.892617
2477,0.892366
2478,0.891233
2479,0.890199
2480,0.889050
2481,0.887288
2482,0.885723
2483,0.885116
2484,0.885475
2485,0.886604
2486,0.888357
2487,0.890580
2488,0.893124
2489,0.895865
2490,0.898671
2491,0.901346
2492,0.903534
2493,0.904648
2494,0.904228
2495,0.902897
2496,0.901200
2497,0.898812
2498,0.896139
2499,0.893880
2500,0.892300
2501,0.891271
2502,0.890706
2503,0.890677
2504,0.891252
2505,0.892344
2506,0.893665
2507,0.894757
2508,0.895016
2509,0.894117
2510,0.892851
2511,0.891424
2512,0.889383
2513,0.887525
2514,0.886672
2515,0.886787
2516,0.887631
2517,0.889101
2518,0.891094
2519,0.893488
2520,0.896168
2521,0.899038
2522,0.901990
2523,0.904854
2524,0.907302
2525,0.908742
2526,0.908582
2527,0.907263
2528,0.905422
2529,0.902825
2530,0.899904
2531,0.897398
2532,0.895596
2533,0.894271
2534,0.893152
2535,0.892076
2536,0.890912
2537,0.889589
2538,0.888657
2539,0.889340
2540,0.890333
2541,0.890015
2542,0.889053
2543,0.888307
2544,0.887763
2545,0.887510
2546,0.887798
2547,0.888726
2548,0.890221
2549,0.892150
2550,0.894380
2551,0.896775
2552,0.899158
2553,0.901236
2554,0.902524
2555,0.902478
2556,0.901336
2557,0.899945
2558,0.898004
2559,0.895587
2560,0.893421
2561,0.891995
2562,0.891321
2563,0.891367
2564,0.892193
2565,0.893763
2566,0.895895
2567,0.898369
2568,0.900974
2569,0.903457
2570,0.905404
2571,0.906185
2572,0.905476
2573,0.904055
2574,0.902131
2575,0.899542
2576,0.896935
2577,0.894989
2578,0.893790
2579,0.893118
2580,0.892877
2581,0.893064
2582,0.893609
2583,0.894287
2584,0.894698
2585,0.894347
2586,0.893215
2587,0.892258
2588,0.891165
2589,0.889525
2590,0.888265
2591,0.887980
2592,0.888506
2593,0.889662
2594,0.891355
2595,0.893482
2596,0.895937
2597,0.898637
2598,0.901512
2599,0.904484
2600,0.907433
2601,0.910119
2602,0.912071
2603,0.912613
2604,0.911661
2605,0.910053
2606,0.907749
2607,0.904869
2608,0.902107
2609,0.899963
2610,0.898366
2611,0.897002
2612,0.895659
2613,0.894317
2614,0.893488
2615,0.894279
2616,0.895995
2617,0.896767
2618,0.896173
2619,0.895172
2620,0.894265
2621,0.893263
2622,0.892324
2623,0.891780
2624,0.891833
2625,0.892516
2626,0.893746
2627,0.895378
2628,0.897220
2629,0.899018
2630,0.900395
2631,0.900831
2632,0.900070
2633,0.898872
2634,0.897523
2635,0.895569
2636,0.893506
2637,0.892093
2638,0.891583
2639,0.891915
2640,0.893038
2641,0.894843
2642,0.897147
2643,0.899794
2644,0.902681
2645,0.905749
2646,0.908964
2647,0.912300
2648,0.915737
2649,0.919260
2650,0.922853
2651,0.926497
2652,0.930160
2653,0.933769
2654,0.937131
2655,0.939773
2656,0.940846
2657,0.939993
2658,0.937906
2659,0.934714
2660,0.930837
2661,0.926933
2662,0.923556
2663,0.921047
2664,0.919892
2665,0.920422
2666,0.921626
2667,0.922342
2668,0.922095
2669,0.921128
2670,0.920367
2671,0.920093
2672,0.919677
2673,0.918857
2674,0.917720
2675,0.916443
2676,0.915410
2677,0.915352
2678,0.916414
2679,0.917627
2680,0.918125
2681,0.917630
2682,0.916624
2683,0.916025
2684,0.915717
2685,0.915127
2686,0.914168
2687,0.912965
2688,0.911694
2689,0.910784
2690,0.910971
2691,0.912190
2692,0.913370
2693,0.913712
2694,0.913062
2695,0.912089
2696,0.911580
2697,0.911180
2698,0.910449
2699,0.909406
2700,0.908178
2701,0.906916
2702,0.906043
2703,0.906309
2704,0.907602
2705,0.908791
2706,0.909072
2707,0.908358
2708,0.907422
2709,0.906924
2710,0.906427
2711,0.905609
2712,0.904540
2713,0.903330
2714,0.902067
2715,0.901074
2716,0.901125
2717,0.902367
2718,0.903654
2719,0.904034
2720,0.903368
2721,0.902433
2722,0.901886
2723,0.901333
2724,0.900504
2725,0.899489
2726,0.898378
2727,0.897179
2728,0.895969
2729,0.895269
2730,0.895910
2731,0.897309
2732,0.898077
2733,0.897691
2734,0.896742
2735,0.896085
2736,0.895556
2737,0.894860
2738,0.894071
2739,0.893295
2740,0.892529
2741,0.891684
2742,0.890648
2743,0.889486
2744,0.888993
2745,0.889779
2746,0.890353
2747,0.889833
2748,0.888931
2749,0.888424
2750,0.888202
2751,0.888131
2752,0.888284
2753,0.888704
2754,0.889345
2755,0.890083
2756,0.890721
2757,0.890968
2758,0.890506
2759,0.889462
2760,0.888762
2761,0.888164
2762,0.886950
2763,0.885639
2764,0.885022
2765,0.885286
2766,0.886244
2767,0.887685
2768,0.889411
2769,0.891230
2770,0.892928
2771,0.894206
2772,0.894661
2773,0.894056
2774,0.893009
2775,0.892089
2776,0.890731
2777,0.888977
2778,0.887428
2779,0.886558
2780,0.886569
2781,0.887512
2782,0.889211
2783,0.891353
2784,0.893649
2785,0.895841
2786,0.897595
2787,0.898432
2788,0.898012
2789,0.896905
2790,0.895673
2791,0.893918
2792,0.891823
2793,0.889955
2794,0.888633
2795,0.887911
2796,0.887902
2797,0.888774
2798,0.890485
2799,0.892788
2800,0.895449
2801,0.898329
2802,0.901358
2803,0.904493
2804,0.907693
2805,0.910893
2806,0.913946
2807,0.916510
2808,0.917921
2809,0.917612
2810,0.916119
2811,0.913768
2812,0.910646
2813,0.907351
2814,0.904485
2815,0.902269
2816,0.900664
2817,0.900056
2818,0.900895
2819,0.902352
2820,0.903285
2821,0.903171
2822,0.902281
2823,0.901530
2824,0.901017
2825,0.900263
2826,0.899229
2827,0.898060
2828,0.896835
2829,0.895638
2830,0.894867
2831,0.895291
2832,0.896725
2833,0.897948
2834,0.898152
2835,0.897389
2836,0.896539
2837,0.895953
2838,0.895203
2839,0.894218
2840,0.893151
2841,0.892073
2842,0.890954
2843,0.889774
2844,0.888823
2845,0.888996
2846,0.890332
2847,0.891347
2848,0.891196
2849,0.890314
2850,0.889588
2851,0.888981
2852,0.888271
2853,0.887579
2854,0.887063
2855,0.886768
2856,0.886657
2857,0.886629
2858,0.886497
2859,0.885995
2860,0.885000
2861,0.884225
2862,0.884120
2863,0.883508
2864,0.882439
2865,0.881821
2866,0.881902
2867,0.882497
2868,0.883510
2869,0.884870
2870,0.886476
2871,0.888198
2872,0.889866
2873,0.891215
2874,0.891858
2875,0.891464
2876,0.890441
2877,0.889503
2878,0.888191
2879,0.886449
2880,0.884886
2881,0.883996
2882,0.883943
2883,0.884749
2884,0.886294
2885,0.888335
2886,0.890635
2887,0.893005
2888,0.895232
2889,0.896980
2890,0.897746
2891,0.897231
2892,0.896088
2893,0.894675
2894,0.892690
2895,0.890496
2896,0.888649
2897,0.887354
2898,0.886543
2899,0.886231
2900,0.886555
2901,0.887590
2902,0.889211
2903,0.891176
2904,0.893204
2905,0.894940
2906,0.895857
2907,0.895505
2908,0.894345
2909,0.892857
2910,0.890757
2911,0.888499
2912,0.886813
2913,0.885914
2914,0.885619
2915,0.885829
2916,0.886523
2917,0.887618
2918,0.888926
2919,0.890155
2920,0.890891
2921,0.890687
2922,0.889687
2923,0.888678
2924,0.887324
2925,0.885545
2926,0.884099
2927,0.883500
2928,0.883711
2929,0.884610
2930,0.886097
2931,0.888039
2932,0.890305
2933,0.892803
2934,0.895475
2935,0.898278
2936,0.901168
2937,0.904079
2938,0.906879
2939,0.909267
2940,0.910669
2941,0.910519
2942,0.909244
2943,0.907272
2944,0.904566
2945,0.901630
2946,0.899074
2947,0.897108
2948,0.895553
2949,0.894420
2950,0.894327
2951,0.895549
2952,0.897016
2953,0.897685
2954,0.897259
2955,0.896364
2956,0.895697
2957,0.894970
2958,0.893985
2959,0.892894
2960,0.891823
2961,0.890771
2962,0.889674
2963,0.888547
2964,0.887838
2965,0.888450
2966,0.889838
2967,0.890493
2968,0.890005
2969,0.889146
2970,0.888480
2971,0.887788
2972,0.887061
2973,0.886503
2974,0.886258
2975,0.886353
2976,0.886746
2977,0.887325
2978,0.887890
2979,0.888130
2980,0.887696
2981,0.886710
2982,0.886020
2983,0.885256
2984,0.883962
2985,0.882846
2986,0.882515
2987,0.882937
2988,0.883937
2989,0.885390
2990,0.887167
2991,0.889141
2992,0.891181
2993,0.893107
2994,0.894627
2995,0.895297
2996,0.894824
2997,0.893780
2998,0.892614
2999,0.890939
3000,0.888998
3001,0.887368
3002,0.886350
3003,0.885986
3004,0.886353
3005,0.887499
3006,0.889292
3007,0.891521
3008,0.894023
3009,0.896710
3010,0.899534
3011,0.902466
3012,0.905490
3013,0.908589
3014,0.911750
3015,0.914956
3016,0.918175
3017,0.921339
3018,0.924263
3019,0.926503
3020,0.927304
3021,0.926445
3022,0.924539
3023,0.921674
3024,0.918253
3025,0.914856
3026,0.911955
3027,0.909838
3028,0.908948
3029,0.909512
3030,0.910579
3031,0.911165
3032,0.910894
3033,0.910030
3034,0.909400
3035,0.909167
3036,0.908773
3037,0.908024
3038,0.907009
3039,0.905887
3040,0.905015
3041,0.905040
3042,0.906022
3043,0.907079
3044,0.907473
3045,0.906994
3046,0.906115
3047,0.905619
3048,0.905340
3049,0.904793
3050,0.903928
3051,0.902861
3052,0.901747
3053,0.900982
3054,0.901211
3055,0.902317
3056,0.903343
3057,0.903606
3058,0.903003
3059,0.902160
3060,0.901730
3061,0.901361
3062,0.900695
3063,0.899764
3064,0.898678
3065,0.897572
3066,0.896826
3067,0.897104
3068,0.898267
3069,0.899306
3070,0.899528
3071,0.898881
3072,0.898068
3073,0.897636
3074,0.897183
3075,0.896447
3076,0.895500
3077,0.894434
3078,0.893324
3079,0.892449
3080,0.892495
3081,0.893599
3082,0.894740
3083,0.895071
3084,0.894479
3085,0.893660
3086,0.893178
3087,0.892681
3088,0.891945
3089,0.891055
3090,0.890089
3091,0.889046
3092,0.887974
3093,0.887292
3094,0.887769
3095,0.888997
3096,0.889711
3097,0.889401
3098,0.888569
3099,0.887983
3100,0.887519
3101,0.886924
3102,0.886261
3103,0.885629
3104,0.885028
3105,0.884383
3106,0.883577
3107,0.882568
3108,0.881836
3109,0.882228
3110,0.882791
3111,0.882440
3112,0.881631
3113,0.881148
3114,0.880999
3115,0.881035
3116,0.881291
3117,0.881799
3118,0.882512
3119,0.883324
3120,0.884064
3121,0.884480
3122,0.884267
3123,0.883410
3124,0.882665
3125,0.882120
3126,0.881072
3127,0.879812
3128,0.879053
3129,0.879096
3130,0.879835
3131,0.881079
3132,0.882628
3133,0.884299
3134,0.885902
3135,0.887185
3136,0.887794
3137,0.887444
3138,0.886519
3139,0.885686
3140,0.884540
3141,0.882984
3142,0.881510
3143,0.880562
3144,0.880348
3145,0.880962
3146,0.882322
3147,0.884170
3148,0.886237
3149,0.888299
3150,0.890101
3151,0.891258
3152,0.891340
3153,0.890483
3154,0.889427
3155,0.888008
3156,0.886149
3157,0.884322
3158,0.882917
3159,0.882009
3160,0.881616
3161,0.881881
3162,0.882911
3163,0.884599
3164,0.886724
3165,0.889109
3166,0.891645
3167,0.894248
3168,0.896803
3169,0.899081
3170,0.900622
3171,0.900834
3172,0.899849
3173,0.898253
3174,0.895961
3175,0.893315
3176,0.890926
3177,0.889104
3178,0.887686
3179,0.886447
3180,0.885555
3181,0.885738
3182,0.887035
3183,0.888220
3184,0.888431
3185,0.887745
3186,0.886987
3187,0.886371
3188,0.885596
3189,0.884702
3190,0.883862
3191,0.883151
3192,0.882548
3193,0.881977
3194,0.881322
3195,0.880445
3196,0.879488
3197,0.879377
3198,0.879911
3199,0.879686
3200,0.878911
3201,0.878400
3202,0.878246
3203,0.878361
3204,0.878813
3205,0.879635
3206,0.880779
3207,0.882146
3208,0.883613
3209,0.885003
3210,0.886043
3211,0.886353
3212,0.885745
3213,0.884822
3214,0.883914
3215,0.882544
3216,0.880961
3217,0.879772
3218,0.879301
3219,0.879584
3220,0.880577
3221,0.882138
3222,0.884069
3223,0.886205
3224,0.888414
3225,0.890538
3226,0.892310
3227,0.893289
3228,0.893079
3229,0.892084
3230,0.890810
3231,0.889007
3232,0.886929
3233,0.885110
3234,0.883790
3235,0.882875
3236,0.882273
3237,0.882013
3238,0.882165
3239,0.882710
3240,0.883469
3241,0.884097
3242,0.884132
3243,0.883355
3244,0.882420
3245,0.881385
3246,0.879902
3247,0.878684
3248,0.878284
3249,0.878571
3250,0.879364
3251,0.880595
3252,0.882195
3253,0.884081
3254,0.886179
3255,0.888424
3256,0.890743
3257,0.893021
3258,0.895034
3259,0.896360
3260,0.896487
3261,0.895569
3262,0.894217
3263,0.892284
3264,0.889998
3265,0.887938
3266,0.886415
3267,0.885296
3268,0.884344
3269,0.883411
3270,0.882404
3271,0.881388
3272,0.881087
3273,0.882070
3274,0.882855
3275,0.882542
3276,0.881777
3277,0.881142
3278,0.880569
3279,0.880156
3280,0.880138
3281,0.880631
3282,0.881602
3283,0.882948
3284,0.884554
3285,0.886295
3286,0.888011
3287,0.889446
3288,0.890203
3289,0.889924
3290,0.888979
3291,0.887907
3292,0.886375
3293,0.884563
3294,0.883064
3295,0.882198
3296,0.881958
3297,0.882343
3298,0.883358
3299,0.884901
3300,0.886816
3301,0.888966
3302,0.891253
3303,0.893576
3304,0.895777
3305,0.897545
3306,0.898361
3307,0.897903
3308,0.896738
3309,0.895069
3310,0.892844
3311,0.890563
3312,0.888736
3313,0.887421
3314,0.886367
3315,0.885359
3316,0.884306
3317,0.883394
3318,0.883453
3319,0.884634
3320,0.885444
3321,0.885163
3322,0.884394
3323,0.883744
3324,0.883101
3325,0.882492
3326,0.882144
3327,0.882215
3328,0.882732
3329,0.883636
3330,0.884816
3331,0.886118
3332,0.887327
3333,0.888120
3334,0.888112
3335,0.887314
3336,0.886438
3337,0.885374
3338,0.883863
3339,0.882434
3340,0.881631
3341,0.881562
3342,0.882164
3343,0.883357
3344,0.885004
3345,0.886958
3346,0.889112
3347,0.891387
3348,0.893702
3349,0.895923
3350,0.897788
3351,0.898831
3352,0.898633
3353,0.897600
3354,0.896146
3355,0.894118
3356,0.891878
3357,0.889955
3358,0.888523
3359,0.887397
3360,0.886362
3361,0.885311
3362,0.884340
3363,0.884116
3364,0.885213
3365,0.886419
3366,0.886585
3367,0.885898
3368,0.885146
3369,0.884392
3370,0.883573
3371,0.882920
3372,0.882678
3373,0.882953
3374,0.883725
3375,0.884901
3376,0.886354
3377,0.887929
3378,0.889426
3379,0.890535
3380,0.890836
3381,0.890184
3382,0.889227
3383,0.888062
3384,0.886427
3385,0.884780
3386,0.883665
3387,0.883223
3388,0.883405
3389,0.884198
3390,0.885535
3391,0.887281
3392,0.889301
3393,0.891504
3394,0.893817
3395,0.896163
3396,0.898407
3397,0.900270
3398,0.901255
3399,0.900961
3400,0.899854
3401,0.898236
3402,0.896035
3403,0.893705
3404,0.891767
3405,0.890333
3406,0.889170
3407,0.888075
3408,0.887116
3409,0.886911
3410,0.887946
3411,0.889184
3412,0.889543
3413,0.888970
3414,0.888229
3415,0.887591
3416,0.886836
3417,0.886045
3418,0.885419
3419,0.885077
3420,0.885044
3421,0.885298
3422,0.885758
3423,0.886258
3424,0.886527
3425,0.886235
3426,0.885392
3427,0.884729
3428,0.884055
3429,0.882916
3430,0.881916
3431,0.881605
3432,0.881945
3433,0.882786
3434,0.884035
3435,0.885593
3436,0.887362
3437,0.889248
3438,0.891140
3439,0.892857
3440,0.894082
3441,0.894389
3442,0.893714
3443,0.892726
3444,0.891435
3445,0.889695
3446,0.887940
3447,0.886607
3448,0.885788
3449,0.885447
3450,0.885647
3451,0.886454
3452,0.887799
3453,0.889510
3454,0.891407
3455,0.893307
3456,0.894949
3457,0.895908
3458,0.895762
3459,0.894815
3460,0.893550
3461,0.891755
3462,0.889739
3463,0.888089
3464,0.887037
3465,0.886437
3466,0.886165
3467,0.886197
3468,0.886501
3469,0.886943
3470,0.887262
3471,0.887101
3472,0.886322
3473,0.885573
3474,0.884902
3475,0.883776
3476,0.882752
3477,0.882410
3478,0.882704
3479,0.883478
3480,0.884661
3481,0.886178
3482,0.887949
3483,0.889906
3484,0.891989
3485,0.894126
3486,0.896200
3487,0.897982
3488,0.899060
3489,0.899001
3490,0.898083
3491,0.896815
3492,0.895017
3493,0.892944
3494,0.891122
3495,0.889787
3496,0.888807
3497,0.887997
3498,0.887258
3499,0.886505
3500,0.885637
3501,0.884702
3502,0.884497
3503,0.885243
3504,0.885381
3505,0.884756
3506,0.884154
3507,0.883753
3508,0.883561
3509,0.883742
3510,0.884395
3511,0.885484
3512,0.886914
3513,0.888595
3514,0.890452
3515,0.892407
3516,0.894349
3517,0.896083
3518,0.897255
3519,0.897419
3520,0.896639
3521,0.895544
3522,0.894006
3523,0.892090
3524,0.890314
3525,0.889034
3526,0.888216
3527,0.887740
3528,0.887599
3529,0.887826
3530,0.888377
3531,0.889081
3532,0.889628
3533,0.889618
3534,0.888889
3535,0.888062
3536,0.887167
3537,0.885849
3538,0.884720
3539,0.884316
3540,0.884561
3541,0.885298
3542,0.886457
3543,0.887963
3544,0.889739
3545,0.891719
3546,0.893861
3547,0.896132
3548,0.898509
3549,0.900969
3550,0.903485
3551,0.906008
3552,0.908430
3553,0.910501
3554,0.911717
3555,0.911586
3556,0.910465
3557,0.908673
3558,0.906246
3559,0.903638
3560,0.901344
3561,0.899564
3562,0.898244
3563,0.897628
3564,0.898151
3565,0.899297
3566,0.900116
3567,0.900123
3568,0.899455
3569,0.898826
3570,0.898422
3571,0.897859
3572,0.897070
3573,0.896166
3574,0.895211
3575,0.894251
3576,0.893531
3577,0.893661
3578,0.894716
3579,0.895756
3580,0.896040
3581,0.895505
3582,0.894805
3583,0.894335
3584,0.893779
3585,0.893037
3586,0.892225
3587,0.891411
3588,0.890572
3589,0.889663
3590,0.888788
3591,0.888542
3592,0.889386
3593,0.890304
3594,0.890361
3595,0.889712
3596,0.889102
3597,0.888655
3598,0.888170
3599,0.887707
3600,0.887396
3601,0.887286
3602,0.887356
3603,0.887526
3604,0.887655
3605,0.887522
3606,0.886921
3607,0.886122
3608,0.885812
3609,0.885386
3610,0.884483
3611,0.883751
3612,0.883630
3613,0.884031
3614,0.884821
3615,0.885914
3616,0.887218
3617,0.888628
3618,0.890011
3619,0.891169
3620,0.891807
3621,0.891626
3622,0.890839
3623,0.890083
3624,0.889097
3625,0.887728
3626,0.886413
3627,0.885574
3628,0.885376
3629,0.885867
3630,0.886990
3631,0.888559
3632,0.890372
3633,0.892269
3634,0.894089
3635,0.895586
3636,0.896376
3637,0.896139
3638,0.895265
3639,0.894195
3640,0.892680
3641,0.890917
3642,0.889366
3643,0.888245
3644,0.887509
3645,0.887138
3646,0.887227
3647,0.887864
3648,0.888995
3649,0.890438
3650,0.891963
3651,0.893273
3652,0.893950
3653,0.893641
3654,0.892722
3655,0.891566
3656,0.889931
3657,0.888188
3658,0.886934
3659,0.886329
3660,0.886229
3661,0.886559
3662,0.887293
3663,0.888352
3664,0.889590
3665,0.890800
3666,0.891685
3667,0.891861
3668,0.891217
3669,0.890359
3670,0.889336
3671,0.887888
3672,0.886476
3673,0.885623
3674,0.885430
3675,0.885823
3676,0.886753
3677,0.888127
3678,0.889826
3679,0.891751
3680,0.893839
3681,0.896051
3682,0.898360
3683,0.900741
3684,0.903156
3685,0.905534
3686,0.907710
3687,0.909315
3688,0.909791
3689,0.909060
3690,0.907657
3691,0.905586
3692,0.903115
3693,0.900753
3694,0.898847
3695,0.897394
3696,0.896399
3697,0.896298
3698,0.897211
3699,0.898281
3700,0.898749
3701,0.898397
3702,0.897684
3703,0.897209
3704,0.896760
3705,0.896086
3706,0.895256
3707,0.894365
3708,0.893441
3709,0.892545
3710,0.892034
3711,0.892503
3712,0.893635
3713,0.894433
3714,0.894378
3715,0.893709
3716,0.893126
3717,0.892660
3718,0.892039
3719,0.891299
3720,0.890557
3721,0.889840
3722,0.889101
3723,0.888273
3724,0.887402
3725,0.887020
3726,0.887699
3727,0.888458
3728,0.888365
3729,0.887708
3730,0.887180
3731,0.886812
3732,0.886478
3733,0.886270
3734,0.886295
3735,0.886573
3736,0.887055
3737,0.887641
3738,0.888168
3739,0.888395
3740,0.888062
3741,0.887285
3742,0.886738
3743,0.886151
3744,0.885130
3745,0.884175
3746,0.883809
3747,0.884083
3748,0.884858
3749,0.886005
3750,0.887394
3751,0.888901
3752,0.890393
3753,0.891682
3754,0.892479
3755,0.892462
3756,0.891741
3757,0.890953
3758,0.889954
3759,0.888570
3760,0.887189
3761,0.886203
3762,0.885768
3763,0.885955
3764,0.886804
3765,0.888197
3766,0.889938
3767,0.891863
3768,0.893855
3769,0.895783
3770,0.897425
3771,0.898396
3772,0.898312
3773,0.897461
3774,0.896302
3775,0.894663
3776,0.892771
3777,0.891090
3778,0.889828
3779,0.888870
3780,0.888055
3781,0.887289
3782,0.886502
3783,0.885627
3784,0.884818
3785,0.884921
3786,0.885826
3787,0.886026
3788,0.885455
3789,0.884837
3790,0.884318
3791,0.883938
3792,0.883908
3793,0.884366
3794,0.885289
3795,0.886574
3796,0.888127
3797,0.889874
3798,0.891759
3799,0.893722
3800,0.895673
3801,0.897441
3802,0.898698
3803,0.898994
3804,0.898312
3805,0.897226
3806,0.895676
3807,0.893752
3808,0.891938
3809,0.890571
3810,0.889590
3811,0.888795
3812,0.888053
3813,0.887275
3814,0.886400
3815,0.885661
3816,0.885910
3817,0.886739
3818,0.886799
3819,0.886195
3820,0.885629
3821,0.885192
3822,0.884887
3823,0.884888
3824,0.885316
3825,0.886157
3826,0.887328
3827,0.888736
3828,0.890291
3829,0.891883
3830,0.893347
3831,0.894401
3832,0.894663
3833,0.894056
3834,0.893173
3835,0.892030
3836,0.890481
3837,0.888944
3838,0.887844
3839,0.887267
3840,0.887177
3841,0.887601
3842,0.888542
3843,0.889896
3844,0.891520
3845,0.893279
3846,0.895031
3847,0.896559
3848,0.897495
3849,0.897442
3850,0.896620
3851,0.895506
3852,0.893921
3853,0.892094
3854,0.890542
3855,0.889506
3856,0.888869
3857,0.888507
3858,0.888390
3859,0.888497
3860,0.888728
3861,0.888862
3862,0.888593
3863,0.887842
3864,0.887243
3865,0.886711
3866,0.885764
3867,0.884968
3868,0.884780
3869,0.885104
3870,0.885821
3871,0.886887
3872,0.888242
3873,0.889822
3874,0.891569
3875,0.893431
3876,0.895347
3877,0.897214
3878,0.898832
3879,0.899840
3880,0.899837
3881,0.899032
3882,0.897911
3883,0.896317
3884,0.894455
3885,0.892801
3886,0.891586
3887,0.890701
3888,0.889981
3889,0.889332
3890,0.888686
3891,0.887943
3892,0.887090
3893,0.886726
3894,0.887308
3895,0.887503
3896,0.886970
3897,0.886418
3898,0.886072
3899,0.885919
3900,0.886091
3901,0.886680
3902,0.887656
3903,0.888938
3904,0.890447
3905,0.892116
3906,0.893878
3907,0.895637
3908,0.897227
3909,0.898340
3910,0.898570
3911,0.897912
3912,0.896942
3913,0.895591
3914,0.893873
3915,0.892243
3916,0.891047
3917,0.890273
3918,0.889807
3919,0.889632
3920,0.889776
3921,0.890211
3922,0.890791
3923,0.891248
3924,0.891224
3925,0.890566
3926,0.889829
3927,0.889053
3928,0.887896
3929,0.886903
3930,0.886559
3931,0.886795
3932,0.887465
3933,0.888509
3934,0.889863
3935,0.891457
3936,0.893236
3937,0.895161
3938,0.897205
3939,0.899347
3940,0.901571
3941,0.903861
3942,0.906197
3943,0.908546
3944,0.910833
3945,0.912878
3946,0.914278
3947,0.914497
3948,0.913634
3949,0.912105
3950,0.909929
3951,0.907461
3952,0.905162
3953,0.903316
3954,0.901976
3955,0.901380
3956,0.901839
3957,0.902797
3958,0.903438
3959,0.903379
3960,0.902759
3961,0.902214
3962,0.901922
3963,0.901500
3964,0.900846
3965,0.900043
3966,0.899171
3967,0.898354
3968,0.897979
3969,0.898488
3970,0.899486
3971,0.900176
3972,0.900143
3973,0.899529
3974,0.898979
3975,0.898641
3976,0.898167
3977,0.897492
3978,0.896707
3979,0.895864
3980,0.895007
3981,0.894375
3982,0.894525
3983,0.895465
3984,0.896330
3985,0.896493
3986,0.895965
3987,0.895360
3988,0.894971
3989,0.894501
3990,0.893872
3991,0.893178
3992,0.892467
3993,0.891715
3994,0.890893
3995,0.890158
3996,0.890124
3997,0.890966
3998,0.891645
3999,0.891518
